{ "experiment_name": "Experiment F1",
  "data_points":
  [
      { "minutes": 0,   "percentage": 0      },
      { "minutes": 15,  "percentage": 8.803  },
      { "minutes": 30,  "percentage": 11.935 },
      { "minutes": 45,  "percentage": 15.316 },
      { "minutes": 60,  "percentage": 19.195 },
      { "minutes": 90,  "percentage": 28.426 },
      { "minutes": 120, "percentage": 35.830 },      
      { "minutes": 150, "percentage": 41.672 },    
      { "minutes": 180, "percentage": 49.569 },
      { "minutes": 240, "percentage": 62.338 },
      { "minutes": 300, "percentage": 72.883 },
      { "minutes": 360, "percentage": 79.588 }
  ]
}
